{
    "partials": {        
        
        "menu": {
            "menu": "Menu"
        },
        
        "pagination": {
            "prev": "Previous",
            "next": "Next"
        },
        
        "shareButtons": {
            "shareWithFacebook": "Facebook",
            "shareWithTwitter": "Twitter",
            "shareWithPinterest": "Pinterest",
            "shareWithMix": "Mix",
            "shareWithLinkedIn": "LinkedIn",
            "shareWithBuffer": "Buffer",
            "shareWithWhatsApp": "WhatsApp"
        },
        
        "footer": {
            "backToTop": "Back to top"
        }
    },
    
    "frontpage": {
        "publishedBy": "by",
        "refreshed": "refreshed"
    },
    
    "post": {
        "publishedBy": "by",
        "publishedOn": "published on",
        "relatedPosts": "Related posts",
        "lastUpdatedDate": "This article was updated on",
        "comments": "Comments",
        "previousPost": "Previous Post",
        "nextPost": "Next Post"
    },
    
    "listing": {
        "post": {
            "1": "Post",
            "default": "Posts"
        }
    },

    "tags": {
        "tagsPageTitle": "Tags",
        "description": "Collection of all tags"
    },

    "author": {
        "visitWebsite": "Visit website"
    },
    
    "error": {
        "404": "404",       
        "message-1": "Ooops, something went wrong!",
        "message-2": "The page you were looking for appears to have been moved, deleted or does not exist. You could go back to where you were or head straight to our home page.",
        "button": "Go home"
    },
    
    "search": {
        "title": "Search",
        "close": "Close",
        "search": "Search"
    }
}
